1180,37,2.00E+01,1.49E-02,3.92E+21,7.62E+25,9.79E+18,62.54,23.44,2.37E-09,1.53E-08,0,-1.11E-09,-1.00E-09,1.97E-08,1.13E-07,0,0,0,0,0,-1.40E-09,0,67.19
1180,41,1.97E+01,1.40E-02,3.44E+21,7.51E+25,8.59E+18,62.51,17.57,2.17E-09,1.43E-08,0,-1.11E-09,-5.88E-10,1.82E-08,4.70E-08,0,0,0,0,0,-1.38E-09,0,59.93
1181,46,1.94E+01,1.25E-02,3.08E+21,7.41E+25,7.71E+18,62.48,19.70,2.14E-09,1.49E-08,0,-1.34E-09,-4.02E-10,1.88E-08,-2.03E-08,0,0,0,0,0,-1.23E-09,0,54.57
1181,49,1.91E+01,1.13E-02,2.81E+21,7.32E+25,7.02E+18,62.44,21.64,2.12E-09,1.54E-08,0,-1.58E-09,-2.69E-10,1.94E-08,-1.98E-08,0,0,0,0,0,-1.11E-09,0,50.40
1181,53,1.89E+01,1.03E-02,2.59E+21,7.23E+25,6.47E+18,62.41,23.44,2.11E-09,1.58E-08,0,-1.83E-09,-1.54E-10,1.99E-08,-1.98E-08,0,0,0,0,0,-1.02E-09,0,47.03
1182,56,1.86E+01,9.48E-03,2.40E+21,7.14E+25,6.01E+18,62.37,25.13,2.10E-09,1.60E-08,0,-2.09E-09,-4.63E-11,2.03E-08,-1.99E-08,0,0,0,0,0,-9.43E-10,0,44.23
1182,59,1.84E+01,8.78E-03,2.25E+21,7.06E+25,5.61E+18,62.33,26.72,2.09E-09,1.62E-08,0,-2.36E-09,5.78E-11,2.06E-08,-2.01E-08,0,0,0,0,0,-8.76E-10,0,41.86
1182,62,1.82E+01,8.17E-03,2.11E+21,6.99E+25,5.28E+18,62.30,28.25,2.08E-09,1.63E-08,0,-2.63E-09,1.61E-10,2.08E-08,-2.03E-08,0,0,0,0,0,-8.19E-10,0,39.81
1183,65,1.79E+01,7.64E-03,1.99E+21,6.91E+25,4.98E+18,62.26,29.71,2.06E-09,1.63E-08,0,-2.91E-09,2.63E-10,2.10E-08,-2.05E-08,0,0,0,0,0,-7.68E-10,0,38.02
1183,68,1.77E+01,7.16E-03,1.89E+21,6.84E+25,4.72E+18,62.22,31.11,2.05E-09,1.63E-08,0,-3.19E-09,3.66E-10,2.12E-08,-2.06E-08,0,0,0,0,0,-7.23E-10,0,36.45
1183,71,1.75E+01,6.72E-03,1.79E+21,6.76E+25,4.48E+18,62.18,32.47,2.03E-09,1.63E-08,0,-3.48E-09,4.69E-10,2.13E-08,-2.07E-08,0,0,0,0,0,-6.82E-10,0,35.04
1184,73,1.73E+01,6.33E-03,1.71E+21,6.69E+25,4.27E+18,62.13,33.79,2.02E-09,1.62E-08,0,-3.78E-09,5.72E-10,2.14E-08,-2.08E-08,0,0,0,0,0,-6.45E-10,0,33.77
1184,76,1.71E+01,5.97E-03,1.63E+21,6.62E+25,4.08E+18,62.09,35.07,2.00E-09,1.61E-08,0,-4.10E-09,6.77E-10,2.15E-08,-2.09E-08,0,0,0,0,0,-6.10E-10,0,32.63
1185,78,1.69E+01,5.63E-03,1.56E+21,6.56E+25,3.91E+18,62.05,36.31,1.98E-09,1.60E-08,0,-4.42E-09,7.82E-10,2.16E-08,-2.10E-08,0,0,0,0,0,-5.79E-10,0,31.58
1185,81,1.67E+01,5.32E-03,1.50E+21,6.49E+25,3.75E+18,62.00,37.52,1.95E-09,1.58E-08,0,-4.76E-09,8.88E-10,2.17E-08,-2.11E-08,0,0,0,0,0,-5.49E-10,0,30.63
1186,83,1.65E+01,5.03E-03,1.44E+21,6.42E+25,3.60E+18,61.95,38.70,1.93E-09,1.57E-08,0,-5.12E-09,9.94E-10,2.18E-08,-2.13E-08,0,0,0,0,0,-5.22E-10,0,29.76
1186,85,1.63E+01,4.75E-03,1.39E+21,6.36E+25,3.46E+18,61.90,39.86,1.91E-09,1.56E-08,0,-5.49E-09,1.10E-09,2.19E-08,-2.14E-08,0,0,0,0,0,-4.96E-10,0,28.95
1187,88,1.62E+01,4.49E-03,1.33E+21,6.29E+25,3.34E+18,61.85,40.98,1.89E-09,1.54E-08,0,-5.88E-09,1.21E-09,2.20E-08,-2.15E-08,0,0,0,0,0,-4.71E-10,0,28.20
1187,90,1.60E+01,4.24E-03,1.29E+21,6.23E+25,3.22E+18,61.80,42.08,1.87E-09,1.53E-08,0,-6.29E-09,1.31E-09,2.21E-08,-2.17E-08,0,0,0,0,0,-4.48E-10,0,27.51
1188,92,1.58E+01,4.01E-03,1.24E+21,6.16E+25,3.11E+18,61.75,43.16,1.84E-09,1.52E-08,0,-6.70E-09,1.42E-09,2.23E-08,-2.18E-08,0,0,0,0,0,-4.25E-10,0,26.87
1188,94,1.56E+01,3.78E-03,1.20E+21,6.10E+25,3.01E+18,61.69,44.21,1.82E-09,1.50E-08,0,-7.11E-09,1.52E-09,2.24E-08,-2.20E-08,0,0,0,0,0,-4.04E-10,0,26.27
1189,96,1.54E+01,3.56E-03,1.16E+21,6.03E+25,2.91E+18,61.64,45.23,1.80E-09,1.49E-08,0,-7.51E-09,1.62E-09,2.26E-08,-2.21E-08,0,0,0,0,0,-3.83E-10,0,25.72
1189,98,1.52E+01,3.35E-03,1.13E+21,5.97E+25,2.82E+18,61.58,46.23,1.78E-09,1.47E-08,0,-7.89E-09,1.72E-09,2.27E-08,-2.23E-08,0,0,0,0,0,-3.63E-10,0,25.20
1190,100,1.50E+01,3.14E-03,1.09E+21,5.90E+25,2.73E+18,61.52,47.20,1.77E-09,1.46E-08,0,-8.22E-09,1.82E-09,2.28E-08,-2.23E-08,0,0,0,0,0,-3.44E-10,0,24.72
1190,102,1.49E+01,2.95E-03,1.06E+21,5.84E+25,2.65E+18,61.46,48.15,1.72E-09,1.43E-08,0,-8.33E-09,1.91E-09,2.24E-08,-2.21E-08,0,0,0,0,0,-3.25E-10,0,24.27
1191,103,1.47E+01,2.76E-03,1.03E+21,5.78E+25,2.57E+18,61.40,49.07,1.68E-09,1.40E-08,0,-8.33E-09,1.99E-09,2.20E-08,-2.16E-08,0,0,0,0,0,-3.08E-10,0,23.85
1192,105,1.45E+01,2.57E-03,1.00E+21,5.71E+25,2.50E+18,61.33,49.96,1.64E-09,1.37E-08,0,-8.24E-09,2.07E-09,2.15E-08,-2.12E-08,0,0,0,0,0,-2.90E-10,0,23.46
1192,107,1.43E+01,2.40E-03,9.73E+20,5.65E+25,2.43E+18,61.27,50.82,1.60E-09,1.34E-08,0,-8.07E-09,2.14E-09,2.09E-08,-2.06E-08,0,0,0,0,0,-2.74E-10,0,23.09
1193,108,1.41E+01,2.23E-03,9.47E+20,5.59E+25,2.37E+18,61.20,51.65,1.56E-09,1.31E-08,0,-7.80E-09,2.20E-09,2.03E-08,-2.00E-08,0,0,0,0,0,-2.58E-10,0,22.75
1194,110,1.40E+01,2.07E-03,9.22E+20,5.52E+25,2.31E+18,61.13,52.46,1.53E-09,1.29E-08,0,-7.44E-09,2.26E-09,1.96E-08,-1.93E-08,0,0,0,0,0,-2.43E-10,0,22.43
1194,111,1.38E+01,1.92E-03,8.99E+20,5.46E+25,2.25E+18,61.05,53.24,1.50E-09,1.26E-08,0,-6.98E-09,2.31E-09,1.88E-08,-1.85E-08,0,0,0,0,0,-2.29E-10,0,22.13
1195,112,1.36E+01,1.77E-03,8.76E+20,5.39E+25,2.19E+18,60.98,53.98,1.46E-09,1.24E-08,0,-6.44E-09,2.35E-09,1.79E-08,-1.77E-08,0,0,0,0,0,-2.15E-10,0,21.85
1196,114,1.34E+01,1.63E-03,8.55E+20,5.33E+25,2.14E+18,60.90,54.70,1.43E-09,1.22E-08,0,-5.81E-09,2.39E-09,1.70E-08,-1.68E-08,0,0,0,0,0,-2.02E-10,0,21.59
1197,115,1.32E+01,1.50E-03,8.34E+20,5.26E+25,2.09E+18,60.82,55.39,1.41E-09,1.20E-08,0,-5.11E-09,2.41E-09,1.61E-08,-1.59E-08,0,0,0,0,0,-1.90E-10,0,21.35
1197,116,1.30E+01,1.38E-03,8.14E+20,5.20E+25,2.04E+18,60.74,56.05,1.38E-09,1.18E-08,0,-4.35E-09,2.43E-09,1.51E-08,-1.49E-08,0,0,0,0,0,-1.78E-10,0,21.13
1198,117,1.29E+01,1.26E-03,7.95E+20,5.13E+25,1.99E+18,60.66,56.69,1.35E-09,1.16E-08,0,-3.55E-09,2.44E-09,1.40E-08,-1.39E-08,0,0,0,0,0,-1.67E-10,0,20.92
1199,118,1.27E+01,1.15E-03,7.77E+20,5.06E+25,1.94E+18,60.58,57.29,1.33E-09,1.14E-08,0,-2.72E-09,2.44E-09,1.30E-08,-1.28E-08,0,0,0,0,0,-1.57E-10,0,20.72
1200,119,1.25E+01,1.05E-03,7.59E+20,5.00E+25,1.90E+18,60.49,57.87,1.30E-09,1.12E-08,0,-1.89E-09,2.43E-09,1.20E-08,-1.18E-08,0,0,0,0,0,-1.48E-10,0,20.54
1201,120,1.23E+01,9.54E-04,7.42E+20,4.93E+25,1.86E+18,60.40,58.42,1.28E-09,1.10E-08,0,-1.05E-09,2.42E-09,1.10E-08,-1.08E-08,0,0,0,0,0,-1.39E-10,0,20.38
1202,121,1.21E+01,8.67E-04,7.26E+20,4.86E+25,1.81E+18,60.30,58.95,1.26E-09,1.09E-08,0,-2.36E-10,2.40E-09,9.97E-09,-9.84E-09,0,0,0,0,0,-1.31E-10,0,20.22
1203,122,1.19E+01,7.86E-04,7.10E+20,4.79E+25,1.77E+18,60.21,59.45,1.24E-09,1.07E-08,0,5.50E-10,2.38E-09,9.03E-09,-8.91E-09,0,0,0,0,0,-1.23E-10,0,20.07
1204,122,1.17E+01,7.12E-04,6.94E+20,4.73E+25,1.73E+18,60.11,59.93,1.22E-09,1.06E-08,0,1.30E-09,2.35E-09,8.13E-09,-8.02E-09,0,0,0,0,0,-1.16E-10,0,19.94
1205,123,1.15E+01,6.45E-04,6.79E+20,4.66E+25,1.70E+18,60.01,60.39,1.20E-09,1.04E-08,0,2.00E-09,2.32E-09,7.30E-09,-7.19E-09,0,0,0,0,0,-1.10E-10,0,19.81
1206,124,1.13E+01,5.83E-04,6.64E+20,4.59E+25,1.66E+18,59.91,60.83,1.18E-09,1.03E-08,0,2.64E-09,2.28E-09,6.52E-09,-6.42E-09,0,0,0,0,0,-1.04E-10,0,19.69
1207,124,1.11E+01,5.27E-04,6.49E+20,4.52E+25,1.62E+18,59.80,61.25,1.16E-09,1.01E-08,0,3.23E-09,2.24E-09,5.81E-09,-5.71E-09,0,0,0,0,0,-9.86E-11,0,19.58
1208,125,1.09E+01,4.76E-04,6.35E+20,4.45E+25,1.59E+18,59.69,61.66,1.14E-09,9.99E-09,0,3.77E-09,2.20E-09,5.15E-09,-5.07E-09,0,0,0,0,0,-9.38E-11,0,19.47
1209,125,1.07E+01,4.31E-04,6.21E+20,4.37E+25,1.55E+18,59.58,62.04,1.12E-09,9.85E-09,0,4.24E-09,2.16E-09,4.57E-09,-4.48E-09,0,0,0,0,0,-8.95E-11,0,19.38
1210,126,1.05E+01,3.89E-04,6.07E+20,4.30E+25,1.52E+18,59.47,62.41,1.10E-09,9.71E-09,0,4.66E-09,2.12E-09,4.03E-09,-3.96E-09,0,0,0,0,0,-8.55E-11,0,19.28
1211,126,1.03E+01,3.52E-04,5.94E+20,4.23E+25,1.48E+18,59.35,62.77,1.08E-09,9.57E-09,0,5.03E-09,2.07E-09,3.56E-09,-3.48E-09,0,0,0,0,0,-8.19E-11,0,19.20
1213,127,1.01E+01,3.18E-04,5.80E+20,4.16E+25,1.45E+18,59.23,63.12,1.06E-09,9.44E-09,0,5.34E-09,2.02E-09,3.14E-09,-3.06E-09,0,0,0,0,0,-7.86E-11,0,19.11
1214,127,9.94E+00,2.88E-04,5.67E+20,4.08E+25,1.42E+18,59.10,63.46,1.05E-09,9.31E-09,0,5.61E-09,1.98E-09,2.77E-09,-2.69E-09,0,0,0,0,0,-7.57E-11,0,19.04
1215,127,9.74E+00,2.60E-04,5.54E+20,4.01E+25,1.38E+18,58.97,63.78,1.03E-09,9.17E-09,0,5.83E-09,1.93E-09,2.44E-09,-2.37E-09,0,0,0,0,0,-7.30E-11,0,18.96
1217,128,9.53E+00,2.36E-04,5.41E+20,3.94E+25,1.35E+18,58.84,64.10,1.01E-09,9.04E-09,0,6.02E-09,1.88E-09,2.15E-09,-2.08E-09,0,0,0,0,0,-7.06E-11,0,18.89
1218,128,9.33E+00,2.14E-04,5.28E+20,3.86E+25,1.32E+18,58.71,64.42,9.93E-10,8.90E-09,0,6.17E-09,1.84E-09,1.89E-09,-1.83E-09,0,0,0,0,0,-6.83E-11,0,18.82
1219,128,9.13E+00,1.94E-04,5.15E+20,3.79E+25,1.29E+18,58.57,64.72,9.75E-10,8.77E-09,0,6.28E-09,1.79E-09,1.67E-09,-1.61E-09,0,0,0,0,0,-6.63E-11,0,18.76
1221,129,8.92E+00,1.76E-04,5.03E+20,3.71E+25,1.26E+18,58.43,65.02,9.57E-10,8.63E-09,0,6.37E-09,1.75E-09,1.48E-09,-1.41E-09,0,0,0,0,0,-6.45E-11,0,18.70
1222,129,8.72E+00,1.59E-04,4.90E+20,3.64E+25,1.23E+18,58.28,65.32,9.39E-10,8.50E-09,0,6.42E-09,1.70E-09,1.31E-09,-1.25E-09,0,0,0,0,0,-6.27E-11,0,18.64
1224,129,8.51E+00,1.44E-04,4.78E+20,3.56E+25,1.19E+18,58.13,65.61,9.21E-10,8.36E-09,0,6.46E-09,1.66E-09,1.16E-09,-1.10E-09,0,0,0,0,0,-6.12E-11,0,18.58
1226,129,8.30E+00,1.31E-04,4.65E+20,3.48E+25,1.16E+18,57.98,65.90,9.03E-10,8.22E-09,0,6.47E-09,1.62E-09,1.03E-09,-9.73E-10,0,0,0,0,0,-5.97E-11,0,18.52
1227,129,8.10E+00,1.19E-04,4.53E+20,3.41E+25,1.13E+18,57.82,66.19,8.84E-10,8.08E-09,0,6.47E-09,1.58E-09,9.23E-10,-8.62E-10,0,0,0,0,0,-5.84E-11,0,18.47
1229,130,7.89E+00,1.08E-04,4.41E+20,3.33E+25,1.10E+18,57.66,66.48,8.66E-10,7.94E-09,0,6.45E-09,1.53E-09,8.25E-10,-7.66E-10,0,0,0,0,0,-5.71E-11,0,18.41
1231,130,7.69E+00,9.74E-05,4.29E+20,3.25E+25,1.07E+18,57.49,66.76,8.47E-10,7.80E-09,0,6.41E-09,1.50E-09,7.40E-10,-6.82E-10,0,0,0,0,0,-5.59E-11,0,18.36
1233,130,7.48E+00,8.81E-05,4.17E+20,3.18E+25,1.04E+18,57.33,67.05,8.29E-10,7.65E-09,0,6.36E-09,1.46E-09,6.66E-10,-6.09E-10,0,0,0,0,0,-5.48E-11,0,18.31
1234,130,7.28E+00,7.95E-05,4.05E+20,3.10E+25,1.01E+18,57.15,67.33,8.10E-10,7.50E-09,0,6.29E-09,1.42E-09,6.01E-10,-5.44E-10,0,0,0,0,0,-5.38E-11,0,18.26
1236,130,7.07E+00,7.16E-05,3.93E+20,3.02E+25,9.83E+17,56.97,67.62,7.91E-10,7.36E-09,0,6.22E-09,1.38E-09,5.44E-10,-4.88E-10,0,0,0,0,0,-5.28E-11,0,18.21
1238,130,6.87E+00,6.44E-05,3.81E+20,2.95E+25,9.54E+17,56.79,67.91,7.72E-10,7.21E-09,0,6.14E-09,1.35E-09,4.94E-10,-4.39E-10,0,0,0,0,0,-5.19E-11,0,18.16
1240,131,6.67E+00,5.76E-05,3.70E+20,2.87E+25,9.25E+17,56.60,68.20,7.53E-10,7.05E-09,0,6.04E-09,1.31E-09,4.50E-10,-3.96E-10,0,0,0,0,0,-5.10E-11,0,18.12
1242,131,6.46E+00,5.14E-05,3.58E+20,2.79E+25,8.96E+17,56.41,68.49,7.33E-10,6.90E-09,0,5.94E-09,1.28E-09,4.11E-10,-3.58E-10,0,0,0,0,0,-5.01E-11,0,18.07
1245,131,6.26E+00,4.56E-05,3.47E+20,2.72E+25,8.67E+17,56.21,68.78,7.14E-10,6.74E-09,0,5.83E-09,1.25E-09,3.76E-10,-3.24E-10,0,0,0,0,0,-4.93E-11,0,18.02
1247,131,6.06E+00,4.02E-05,3.36E+20,2.64E+25,8.39E+17,56.01,69.08,6.94E-10,6.58E-09,0,5.72E-09,1.21E-09,3.46E-10,-2.95E-10,0,0,0,0,0,-4.85E-11,0,17.98
1249,131,5.87E+00,3.51E-05,3.24E+20,2.56E+25,8.11E+17,55.81,69.38,6.74E-10,6.42E-09,0,5.59E-09,1.18E-09,3.19E-10,-2.68E-10,0,0,0,0,0,-4.77E-11,0,17.93
1252,131,5.67E+00,3.04E-05,3.13E+20,2.49E+25,7.84E+17,55.59,69.68,6.54E-10,6.26E-09,0,5.46E-09,1.15E-09,2.95E-10,-2.45E-10,0,0,0,0,0,-4.70E-11,0,17.89
1254,131,5.48E+00,2.59E-05,3.03E+20,2.41E+25,7.56E+17,55.38,69.99,6.34E-10,6.09E-09,0,5.33E-09,1.12E-09,2.73E-10,-2.24E-10,0,0,0,0,0,-4.63E-11,0,17.84
1257,131,5.28E+00,2.17E-05,2.92E+20,2.34E+25,7.29E+17,55.15,70.30,6.13E-10,5.92E-09,0,5.19E-09,1.09E-09,2.54E-10,-2.06E-10,0,0,0,0,0,-4.56E-11,0,17.80
1259,131,5.09E+00,1.78E-05,2.81E+20,2.26E+25,7.03E+17,54.93,70.61,5.93E-10,5.75E-09,0,5.04E-09,1.07E-09,2.37E-10,-1.90E-10,0,0,0,0,0,-4.49E-11,0,17.76
1262,131,4.91E+00,1.40E-05,2.71E+20,2.19E+25,6.77E+17,54.70,70.93,5.72E-10,5.58E-09,0,4.89E-09,1.04E-09,2.22E-10,-1.75E-10,0,0,0,0,0,-4.42E-11,0,17.71
1265,131,4.72E+00,1.05E-05,2.60E+20,2.12E+25,6.51E+17,54.46,71.26,5.52E-10,5.41E-09,0,4.74E-09,1.01E-09,2.08E-10,-1.62E-10,0,0,0,0,0,-4.35E-11,0,17.67
1267,131,4.54E+00,7.12E-06,2.50E+20,2.04E+25,6.26E+17,54.21,71.59,5.31E-10,5.23E-09,0,4.58E-09,9.86E-10,1.96E-10,-1.50E-10,0,0,0,0,0,-4.29E-11,0,17.63
1270,131,4.36E+00,3.91E-06,2.40E+20,1.97E+25,6.01E+17,53.96,71.92,5.10E-10,5.05E-09,0,4.42E-09,9.60E-10,1.85E-10,-1.40E-10,0,0,0,0,0,-4.22E-11,0,17.59
1273,131,4.18E+00,8.33E-07,2.31E+20,1.90E+25,5.76E+17,53.71,72.26,4.89E-10,4.87E-09,0,4.25E-09,9.35E-10,1.75E-10,-1.31E-10,0,0,0,0,0,-4.16E-11,0,17.54
1276,131,4.01E+00,-2.12E-06,2.21E+20,1.83E+25,5.52E+17,53.45,72.61,4.69E-10,4.69E-09,0,4.08E-09,9.11E-10,1.66E-10,-1.23E-10,0,0,0,0,0,-4.09E-11,0,17.50
1280,131,3.84E+00,-4.97E-06,2.12E+20,1.76E+25,5.29E+17,53.18,72.96,4.48E-10,4.51E-09,0,3.91E-09,8.87E-10,1.58E-10,-1.16E-10,0,0,0,0,0,-4.03E-11,0,17.46
1283,131,3.67E+00,-7.73E-06,2.02E+20,1.69E+25,5.06E+17,52.91,73.32,4.27E-10,4.32E-09,0,3.74E-09,8.63E-10,1.52E-10,-1.10E-10,0,0,0,0,0,-3.97E-11,0,17.42
1286,131,3.50E+00,-1.04E-05,1.93E+20,1.63E+25,4.83E+17,52.63,73.69,4.07E-10,4.14E-09,0,3.56E-09,8.40E-10,1.46E-10,-1.05E-10,0,0,0,0,0,-3.90E-11,0,17.37
1290,131,3.34E+00,-1.30E-05,1.85E+20,1.56E+25,4.61E+17,52.35,74.06,3.87E-10,3.95E-09,0,3.38E-09,8.18E-10,1.40E-10,-1.00E-10,0,0,0,0,0,-3.84E-11,0,17.33
1293,131,3.19E+00,-1.56E-05,1.76E+20,1.50E+25,4.40E+17,52.06,74.44,3.67E-10,3.76E-09,0,3.20E-09,7.96E-10,1.36E-10,-9.63E-11,0,0,0,0,0,-3.78E-11,0,17.29
1297,131,3.03E+00,-1.82E-05,1.68E+20,1.43E+25,4.19E+17,51.76,74.82,3.47E-10,3.57E-09,0,3.02E-09,7.74E-10,1.32E-10,-9.33E-11,0,0,0,0,0,-3.71E-11,0,17.25
1301,131,2.88E+00,-2.07E-05,1.59E+20,1.37E+25,3.98E+17,51.46,75.22,3.27E-10,3.39E-09,0,2.83E-09,7.52E-10,1.29E-10,-9.09E-11,0,0,0,0,0,-3.65E-11,0,17.21
1305,131,2.74E+00,-2.33E-05,1.51E+20,1.31E+25,3.79E+17,51.15,75.62,3.08E-10,3.20E-09,0,2.65E-09,7.31E-10,1.27E-10,-8.92E-11,0,0,0,0,0,-3.59E-11,0,17.17
1309,131,2.60E+00,-2.58E-05,1.44E+20,1.25E+25,3.59E+17,50.83,76.02,2.89E-10,3.01E-09,0,2.47E-09,7.11E-10,1.25E-10,-8.82E-11,0,0,0,0,0,-3.52E-11,0,17.13
1313,131,2.46E+00,-2.85E-05,1.36E+20,1.19E+25,3.41E+17,50.51,76.44,2.71E-10,2.83E-09,0,2.29E-09,6.90E-10,1.24E-10,-8.76E-11,0,0,0,0,0,-3.46E-11,0,17.09
1317,131,2.33E+00,-3.11E-05,1.29E+20,1.13E+25,3.22E+17,50.18,76.86,2.53E-10,2.65E-09,0,2.11E-09,6.70E-10,1.23E-10,-8.76E-11,0,0,0,0,0,-3.39E-11,0,17.05
1322,130,2.20E+00,-3.39E-05,1.22E+20,1.08E+25,3.05E+17,49.85,77.28,2.36E-10,2.47E-09,0,1.93E-09,6.50E-10,1.23E-10,-8.80E-11,0,0,0,0,0,-3.32E-11,0,17.01
1326,130,2.07E+00,-3.68E-05,1.15E+20,1.02E+25,2.88E+17,49.51,77.72,2.19E-10,2.30E-09,0,1.76E-09,6.30E-10,1.23E-10,-8.88E-11,0,0,0,0,0,-3.26E-11,0,16.97
1331,130,1.95E+00,-3.97E-05,1.09E+20,9.72E+24,2.72E+17,49.16,78.16,2.04E-10,2.12E-09,0,1.59E-09,6.11E-10,1.23E-10,-8.98E-11,0,0,0,0,0,-3.19E-11,0,16.94
1336,130,1.84E+00,-4.28E-05,1.02E+20,9.21E+24,2.56E+17,48.80,78.60,1.89E-10,1.96E-09,0,1.43E-09,5.91E-10,1.24E-10,-9.08E-11,0,0,0,0,0,-3.12E-11,0,16.90
1341,130,1.72E+00,-4.60E-05,9.63E+19,8.72E+24,2.41E+17,48.44,79.05,1.74E-10,1.80E-09,0,1.28E-09,5.72E-10,1.24E-10,-9.18E-11,0,0,0,0,0,-3.04E-11,0,16.87
1346,129,1.62E+00,-4.94E-05,9.05E+19,8.24E+24,2.26E+17,48.07,79.51,1.61E-10,1.64E-09,0,1.13E-09,5.53E-10,1.24E-10,-9.26E-11,0,0,9.93E-43,0,0,-2.97E-11,0,16.84
1351,129,1.51E+00,-5.29E-05,8.49E+19,7.78E+24,2.12E+17,47.70,79.97,1.48E-10,1.49E-09,0,9.86E-10,5.33E-10,1.24E-10,-9.31E-11,0,0,7.56E-41,0,0,-2.90E-11,0,16.81
1357,129,1.42E+00,-5.65E-05,7.96E+19,7.33E+24,1.99E+17,47.32,80.43,1.36E-10,1.35E-09,0,8.54E-10,5.14E-10,1.23E-10,-9.30E-11,0,0,4.95E-39,0,0,-2.82E-11,0,16.78
1362,129,1.32E+00,-6.02E-05,7.45E+19,6.90E+24,1.86E+17,46.93,80.89,1.25E-10,1.22E-09,0,7.31E-10,4.95E-10,1.22E-10,-9.22E-11,0,0,2.78E-37,0,0,-2.75E-11,0,16.75
1368,128,1.23E+00,-6.39E-05,6.96E+19,6.48E+24,1.74E+17,46.54,81.35,1.15E-10,1.10E-09,0,6.18E-10,4.75E-10,1.19E-10,-9.06E-11,0,0,1.34E-35,0,0,-2.67E-11,0,16.73
1374,128,1.15E+00,-6.77E-05,6.49E+19,6.08E+24,1.62E+17,46.13,81.81,1.06E-10,9.81E-10,0,5.16E-10,4.55E-10,1.16E-10,-8.80E-11,0,0,5.57E-34,0,0,-2.60E-11,0,16.71
1380,127,1.06E+00,-7.14E-05,6.05E+19,5.70E+24,1.51E+17,45.73,82.27,9.75E-11,8.74E-10,0,4.24E-10,4.36E-10,1.12E-10,-8.43E-11,0,0,1.98E-32,0,0,-2.52E-11,0,16.69
1386,127,9.86E-01,-7.51E-05,5.63E+19,5.33E+24,1.41E+17,45.31,82.73,8.98E-11,7.75E-10,0,3.43E-10,4.16E-10,1.06E-10,-7.94E-11,0,0,6.07E-31,0,0,-2.45E-11,0,16.67
1393,126,9.12E-01,-7.86E-05,5.23E+19,4.98E+24,1.31E+17,44.89,83.18,8.29E-11,6.85E-10,0,2.72E-10,3.97E-10,9.92E-11,-7.34E-11,0,0,1.60E-29,0,0,-2.37E-11,0,16.66
1399,126,8.43E-01,-8.19E-05,4.85E+19,4.64E+24,1.21E+17,44.46,83.63,7.66E-11,6.03E-10,0,2.11E-10,3.77E-10,9.14E-11,-6.63E-11,0,0,3.63E-28,0,0,-2.30E-11,0,16.65
1406,125,7.76E-01,-8.49E-05,4.49E+19,4.32E+24,1.12E+17,44.03,84.08,7.10E-11,5.29E-10,0,1.60E-10,3.58E-10,8.27E-11,-5.83E-11,0,0,7.12E-27,0,0,-2.23E-11,0,16.64
1413,125,7.14E-01,-8.76E-05,4.15E+19,4.02E+24,1.04E+17,43.59,84.52,6.60E-11,4.63E-10,1.21E-25,1.18E-10,3.38E-10,7.33E-11,-4.96E-11,0,0,1.21E-25,0,0,-2.16E-11,0,16.64
1421,124,6.56E-01,-8.98E-05,3.83E+19,3.73E+24,9.57E+16,43.14,84.96,6.15E-11,4.05E-10,1.77E-24,8.35E-11,3.19E-10,6.33E-11,-4.04E-11,0,0,1.77E-24,0,0,-2.10E-11,0,16.64
1428,123,6.00E-01,-9.16E-05,3.52E+19,3.45E+24,8.81E+16,42.69,85.39,5.75E-11,3.53E-10,2.26E-23,5.64E-11,3.01E-10,5.31E-11,-3.09E-11,0,0,2.26E-23,0,0,-2.04E-11,0,16.65
1436,123,5.49E-01,-9.28E-05,3.24E+19,3.19E+24,8.10E+16,42.23,85.82,5.39E-11,3.07E-10,2.50E-22,3.55E-11,2.83E-10,4.29E-11,-2.13E-11,0,0,2.50E-22,0,0,-1.98E-11,0,16.65
1444,122,5.00E-01,-9.35E-05,2.97E+19,2.94E+24,7.43E+16,41.76,86.25,5.06E-11,2.67E-10,2.42E-21,1.99E-11,2.65E-10,3.28E-11,-1.19E-11,0,0,2.42E-21,0,0,-1.93E-11,0,16.66
1452,121,4.55E-01,-9.36E-05,2.72E+19,2.70E+24,6.80E+16,41.29,86.69,4.76E-11,2.33E-10,2.05E-20,8.60E-12,2.48E-10,2.34E-11,-3.00E-12,0,0,2.05E-20,0,0,-1.88E-11,0,16.67
1461,120,4.13E-01,-9.31E-05,2.49E+19,2.48E+24,6.22E+16,40.81,87.12,4.49E-11,2.02E-10,1.52E-19,8.32E-13,2.32E-10,1.45E-11,5.29E-12,0,0,1.52E-19,0,0,-1.83E-11,0,16.69
1469,120,3.74E-01,-9.20E-05,2.27E+19,2.28E+24,5.67E+16,40.33,87.56,4.24E-11,1.76E-10,9.93E-19,-4.19E-12,2.16E-10,6.44E-12,1.28E-11,0,0,9.93E-19,0,0,-1.79E-11,0,16.70
1478,119,3.38E-01,-9.04E-05,2.06E+19,2.08E+24,5.16E+16,39.84,88.02,4.02E-11,1.53E-10,5.73E-18,-7.14E-12,2.02E-10,-8.12E-13,1.96E-11,0,0,5.73E-18,0,0,-1.75E-11,0,16.71
1488,118,3.05E-01,-8.82E-05,1.87E+19,1.90E+24,4.68E+16,39.35,88.48,3.80E-11,1.34E-10,2.93E-17,-8.58E-12,1.88E-10,-7.16E-12,2.55E-11,0,0,2.93E-17,0,0,-1.71E-11,0,16.73
1497,117,2.74E-01,-8.55E-05,1.69E+19,1.73E+24,4.23E+16,38.85,88.97,3.61E-11,1.17E-10,1.33E-16,-8.96E-12,1.74E-10,-1.25E-11,3.04E-11,0,0,1.33E-16,0,0,-1.68E-11,0,16.74
1507,116,2.45E-01,-8.23E-05,1.53E+19,1.57E+24,3.82E+16,38.34,89.48,3.42E-11,1.02E-10,5.39E-16,-8.64E-12,1.62E-10,-1.70E-11,3.45E-11,0,0,5.39E-16,0,0,-1.65E-11,0,16.75
1517,115,2.19E-01,-7.87E-05,1.38E+19,1.43E+24,3.44E+16,37.83,90.02,3.24E-11,8.94E-11,1.96E-15,-7.91E-12,1.50E-10,-2.07E-11,3.78E-11,0,0,1.96E-15,0,0,-1.62E-11,0,16.75
1528,115,1.96E-01,-7.46E-05,1.24E+19,1.29E+24,3.09E+16,37.32,90.59,3.07E-11,7.82E-11,6.41E-15,-6.97E-12,1.40E-10,-2.37E-11,4.04E-11,0,0,6.41E-15,0,0,-1.59E-11,0,16.75
1538,114,1.74E-01,-7.03E-05,1.11E+19,1.16E+24,2.77E+16,36.80,91.21,2.92E-11,6.85E-11,1.89E-14,-5.95E-12,1.30E-10,-2.59E-11,4.23E-11,0,0,1.89E-14,0,0,-1.57E-11,0,16.75
1549,113,1.54E-01,-6.56E-05,9.89E+18,1.05E+24,2.47E+16,36.28,91.86,2.76E-11,6.00E-11,5.08E-14,-4.95E-12,1.20E-10,-2.75E-11,4.37E-11,0,0,5.08E-14,0,0,-1.54E-11,0,16.74
1561,112,1.37E-01,-6.06E-05,8.81E+18,9.42E+23,2.20E+16,35.75,92.57,2.62E-11,5.25E-11,1.24E-13,-4.03E-12,1.12E-10,-2.87E-11,4.45E-11,0,0,1.24E-13,0,0,-1.52E-11,0,16.73
1572,112,1.21E-01,-5.54E-05,7.82E+18,8.44E+23,1.95E+16,35.22,93.34,2.48E-11,4.59E-11,2.79E-13,-3.22E-12,1.03E-10,-2.93E-11,4.48E-11,0,0,2.79E-13,0,0,-1.50E-11,0,16.70
1584,111,1.06E-01,-5.00E-05,6.92E+18,7.55E+23,1.73E+16,34.69,94.18,2.34E-11,4.00E-11,5.74E-13,-2.53E-12,9.60E-11,-2.94E-11,4.46E-11,0,0,5.74E-13,0,0,-1.48E-11,0,16.67
1597,110,9.32E-02,-4.45E-05,6.11E+18,6.74E+23,1.53E+16,34.15,95.08,2.21E-11,3.48E-11,1.09E-12,-1.96E-12,8.90E-11,-2.90E-11,4.39E-11,0,0,1.09E-12,0,0,-1.45E-11,0,16.63
1610,110,8.17E-02,-3.90E-05,5.38E+18,6.01E+23,1.34E+16,33.61,96.07,2.09E-11,3.02E-11,1.94E-12,-1.49E-12,8.25E-11,-2.80E-11,4.26E-11,0,0,1.94E-12,0,0,-1.43E-11,0,16.58
1623,109,7.13E-02,-3.35E-05,4.72E+18,5.34E+23,1.18E+16,33.06,97.14,1.97E-11,2.61E-11,3.20E-12,-1.12E-12,7.64E-11,-2.63E-11,4.06E-11,0,0,3.20E-12,0,0,-1.41E-11,0,16.51
1636,109,6.22E-02,-2.82E-05,4.13E+18,4.74E+23,1.03E+16,32.52,98.31,1.85E-11,2.24E-11,4.96E-12,-8.29E-13,7.07E-11,-2.40E-11,3.80E-11,0,0,4.96E-12,0,0,-1.39E-11,0,16.44
1650,109,5.41E-02,-2.31E-05,3.61E+18,4.20E+23,9.01E+15,31.97,99.59,1.74E-11,1.92E-11,7.24E-12,-6.07E-13,6.53E-11,-2.09E-11,3.46E-11,0,0,7.24E-12,0,0,-1.36E-11,0,16.35
1665,108,4.70E-02,-1.84E-05,3.14E+18,3.71E+23,7.84E+15,31.42,100.96,1.63E-11,1.63E-11,1.00E-11,-4.39E-13,6.02E-11,-1.72E-11,3.06E-11,0,0,1.00E-11,0,0,-1.34E-11,0,16.26
1680,108,4.07E-02,-1.42E-05,2.72E+18,3.28E+23,6.81E+15,30.86,102.46,1.52E-11,1.38E-11,1.31E-11,-3.13E-13,5.54E-11,-1.30E-11,2.61E-11,0,0,1.31E-11,0,0,-1.31E-11,0,16.15
1695,108,3.52E-02,-1.06E-05,2.36E+18,2.89E+23,5.90E+15,30.31,104.06,1.41E-11,1.16E-11,1.64E-11,-2.22E-13,5.07E-11,-8.40E-12,2.13E-11,0,0,1.64E-11,0,0,-1.28E-11,0,16.03
1711,108,3.03E-02,-7.65E-06,2.04E+18,2.54E+23,5.09E+15,29.75,105.78,1.30E-11,9.63E-12,1.97E-11,-1.55E-13,4.63E-11,-3.74E-12,1.63E-11,0,0,1.97E-11,0,0,-1.25E-11,0,15.90
1727,108,2.61E-02,-5.42E-06,1.76E+18,2.24E+23,4.39E+15,29.20,107.62,1.20E-11,7.96E-12,2.28E-11,-1.08E-13,4.21E-11,7.57E-13,1.15E-11,0,0,2.28E-11,0,0,-1.21E-11,0,15.77
1744,108,2.25E-02,-3.89E-06,1.51E+18,1.96E+23,3.78E+15,28.64,109.56,1.10E-11,6.53E-12,2.54E-11,-7.40E-14,3.81E-11,4.88E-12,7.03E-12,0,0,2.54E-11,0,0,-1.17E-11,0,15.63
1761,108,1.93E-02,-3.03E-06,1.30E+18,1.72E+23,3.25E+15,28.08,111.61,9.94E-12,5.31E-12,2.75E-11,-5.06E-14,3.44E-11,8.43E-12,3.08E-12,0,0,2.75E-11,0,0,-1.13E-11,0,15.48
1779,108,1.65E-02,-2.77E-06,1.11E+18,1.51E+23,2.78E+15,27.53,113.77,8.92E-12,4.28E-12,2.89E-11,-3.43E-14,3.08E-11,1.13E-11,-2.38E-13,0,0,2.89E-11,0,0,-1.08E-11,0,15.34
1797,107,1.41E-02,-3.01E-06,9.53E+17,1.32E+23,2.38E+15,26.97,116.02,7.92E-12,3.43E-12,2.96E-11,-2.33E-14,2.75E-11,1.35E-11,-2.85E-12,0,0,2.96E-11,0,0,-1.04E-11,0,15.19
1816,107,1.21E-02,-3.65E-06,8.15E+17,1.15E+23,2.04E+15,26.41,118.36,6.94E-12,2.72E-12,2.96E-11,-1.57E-14,2.44E-11,1.49E-11,-4.76E-12,0,0,2.96E-11,0,0,-9.95E-12,0,15.04
1835,107,1.03E-02,-4.58E-06,6.96E+17,1.01E+23,1.74E+15,25.86,120.78,5.99E-12,2.14E-12,2.91E-11,-1.06E-14,2.15E-11,1.57E-11,-6.00E-12,0,0,2.91E-11,0,0,-9.50E-12,0,14.89
1855,107,8.79E-03,-5.69E-06,5.94E+17,8.78E+22,1.48E+15,25.31,123.28,5.09E-12,1.66E-12,2.80E-11,-7.22E-15,1.89E-11,1.59E-11,-6.68E-12,0,0,2.80E-11,0,0,-9.05E-12,0,14.74
1876,107,7.48E-03,-6.90E-06,5.06E+17,7.65E+22,1.26E+15,24.75,125.86,4.26E-12,1.29E-12,2.66E-11,-4.92E-15,1.65E-11,1.56E-11,-6.87E-12,0,0,2.66E-11,0,0,-8.61E-12,0,14.60
1897,107,6.35E-03,-8.12E-06,4.30E+17,6.66E+22,1.08E+15,24.20,128.50,3.50E-12,9.86E-13,2.48E-11,-3.38E-15,1.44E-11,1.50E-11,-6.69E-12,0,0,2.48E-11,0,0,-8.19E-12,0,14.46
1919,107,5.39E-03,-9.28E-06,3.66E+17,5.79E+22,9.14E+14,23.66,131.23,2.83E-12,7.50E-13,2.29E-11,-2.34E-15,1.24E-11,1.41E-11,-6.23E-12,0,0,2.29E-11,0,0,-7.77E-12,0,14.32
1941,107,4.57E-03,-1.03E-05,3.11E+17,5.03E+22,7.76E+14,23.11,134.02,2.25E-12,5.66E-13,2.09E-11,-1.63E-15,1.07E-11,1.30E-11,-5.60E-12,0,0,2.09E-11,0,0,-7.38E-12,0,14.18
1964,106,3.87E-03,-1.13E-05,2.63E+17,4.37E+22,6.58E+14,22.57,136.89,1.76E-12,4.24E-13,1.89E-11,-1.15E-15,9.21E-12,1.19E-11,-4.86E-12,3.93E-43,0,1.89E-11,0,0,-7.00E-12,0,14.05
1988,106,3.27E-03,-1.20E-05,2.23E+17,3.79E+22,5.58E+14,22.03,139.84,1.36E-12,3.15E-13,1.69E-11,-8.16E-16,7.88E-12,1.07E-11,-4.08E-12,4.03E-39,0,1.69E-11,0,0,-6.63E-12,0,13.92
2013,106,2.76E-03,-1.27E-05,1.89E+17,3.28E+22,4.72E+14,21.50,142.88,1.04E-12,2.33E-13,1.50E-11,-5.83E-16,6.71E-12,9.58E-12,-3.29E-12,1.24E-35,0,1.50E-11,0,0,-6.29E-12,0,13.79
2038,105,2.32E-03,-1.31E-05,1.60E+17,2.84E+22,3.99E+14,20.97,146.01,7.79E-13,1.71E-13,1.32E-11,-4.18E-16,5.70E-12,8.49E-12,-2.54E-12,1.33E-32,0,1.32E-11,0,0,-5.96E-12,0,13.66
2064,105,1.95E-03,-1.33E-05,1.35E+17,2.46E+22,3.37E+14,20.44,149.24,5.80E-13,1.25E-13,1.16E-11,-3.01E-16,4.82E-12,7.47E-12,-1.84E-12,5.62E-30,0,1.16E-11,0,0,-5.64E-12,0,13.53
2091,105,1.64E-03,-1.34E-05,1.14E+17,2.12E+22,2.84E+14,19.92,152.58,4.28E-13,9.08E-14,1.01E-11,-2.18E-16,4.07E-12,6.54E-12,-1.21E-12,1.05E-27,0,1.01E-11,4.06E-25,0,-5.35E-12,0,13.40
2118,104,1.38E-03,-1.34E-05,9.58E+16,1.83E+22,2.39E+14,19.41,156.03,3.13E-13,6.56E-14,8.74E-12,-1.57E-16,3.43E-12,5.69E-12,-6.41E-13,9.68E-26,0,8.74E-12,3.73E-23,0,-5.07E-12,0,13.28
2147,104,1.16E-03,-1.32E-05,8.06E+16,1.58E+22,2.02E+14,18.90,159.61,2.27E-13,4.72E-14,7.53E-12,-1.13E-16,2.88E-12,4.93E-12,-1.47E-13,4.77E-24,0,7.53E-12,1.84E-21,0,-4.80E-12,0,13.15
2176,104,9.69E-04,-1.29E-05,6.78E+16,1.37E+22,1.69E+14,18.39,163.33,1.64E-13,3.38E-14,6.46E-12,-8.17E-17,2.41E-12,4.25E-12,2.77E-13,1.36E-22,0,6.46E-12,5.26E-20,0,-4.55E-12,0,13.02
2206,103,8.11E-04,-1.24E-05,5.69E+16,1.18E+22,1.42E+14,17.89,167.20,1.18E-13,2.41E-14,5.53E-12,-5.87E-17,2.01E-12,3.65E-12,6.36E-13,2.42E-21,0,5.53E-12,9.34E-19,0,-4.30E-12,0,12.89
2237,103,6.78E-04,-1.19E-05,4.78E+16,1.02E+22,1.19E+14,17.40,171.24,8.41E-14,1.71E-14,4.71E-12,-4.21E-17,1.68E-12,3.13E-12,9.33E-13,2.84E-20,0,4.71E-12,1.10E-17,0,-4.08E-12,0,12.76
2269,102,5.66E-04,-1.13E-05,4.00E+16,8.75E+21,1.00E+14,16.91,175.45,5.98E-14,1.21E-14,4.00E-12,-3.01E-17,1.40E-12,2.67E-12,1.17E-12,2.33E-19,0,4.00E-12,8.98E-17,0,-3.86E-12,0,12.62
2302,102,4.72E-04,-1.06E-05,3.35E+16,7.54E+21,8.38E+13,16.43,179.86,4.24E-14,8.57E-15,3.39E-12,-2.15E-17,1.17E-12,2.27E-12,1.37E-12,1.39E-18,0,3.39E-12,5.38E-16,0,-3.65E-12,0,12.48
2336,102,3.94E-04,-9.82E-06,2.80E+16,6.49E+21,7.01E+13,15.95,184.47,2.99E-14,6.03E-15,2.87E-12,-1.53E-17,9.69E-13,1.93E-12,1.51E-12,6.36E-18,6.73E-26,2.86E-12,2.45E-15,7.74E-24,-3.45E-12,0,12.35
2371,101,3.28E-04,-9.03E-06,2.34E+16,5.59E+21,5.86E+13,15.49,189.31,2.11E-14,4.24E-15,2.42E-12,-1.08E-17,8.05E-13,1.64E-12,1.61E-12,2.29E-17,3.61E-24,2.42E-12,8.85E-15,4.15E-22,-3.27E-12,0,12.20
2407,101,2.73E-04,-8.20E-06,1.96E+16,4.82E+21,4.90E+13,15.03,194.39,1.48E-14,2.97E-15,2.06E-12,-7.63E-18,6.68E-13,1.41E-12,1.67E-12,6.74E-17,1.09E-22,2.03E-12,2.60E-14,1.25E-20,-3.09E-12,0,12.06
2444,101,2.28E-04,-7.35E-06,1.64E+16,4.15E+21,4.09E+13,14.57,199.73,1.04E-14,2.08E-15,1.77E-12,-5.38E-18,5.54E-13,1.23E-12,1.67E-12,1.66E-16,1.98E-21,1.71E-12,6.41E-14,2.27E-19,-2.92E-12,0,11.91
2483,101,1.89E-04,-6.51E-06,1.37E+16,3.57E+21,3.41E+13,14.13,205.35,7.25E-15,1.45E-15,1.57E-12,-3.78E-18,4.60E-13,1.12E-12,1.62E-12,3.52E-16,2.34E-20,1.43E-12,1.36E-13,2.69E-18,-2.76E-12,0,11.76
2522,100,1.58E-04,-5.70E-06,1.14E+16,3.08E+21,2.85E+13,13.69,211.27,5.06E-15,1.01E-15,1.45E-12,-2.65E-18,3.82E-13,1.08E-12,1.50E-12,6.53E-16,1.90E-19,1.20E-12,2.52E-13,2.19E-17,-2.60E-12,0,11.60
2563,100,1.31E-04,-4.95E-06,9.50E+15,2.66E+21,2.38E+13,13.26,217.50,3.53E-15,7.06E-16,1.42E-12,-1.85E-18,3.17E-13,1.11E-12,1.32E-12,1.08E-15,1.12E-18,1.01E-12,4.17E-13,1.29E-16,-2.45E-12,0,11.44
2604,100,1.09E-04,-4.29E-06,7.92E+15,2.29E+21,1.98E+13,12.84,224.07,2.46E-15,4.92E-16,1.47E-12,-1.29E-18,2.63E-13,1.21E-12,1.08E-12,1.63E-15,5.03E-18,8.42E-13,6.28E-13,5.79E-16,-2.31E-12,0,11.28
2647,100,9.09E-05,-3.75E-06,6.61E+15,1.98E+21,1.65E+13,12.42,231.00,1.71E-15,3.42E-16,1.58E-12,-9.03E-19,2.18E-13,1.36E-12,8.01E-13,2.26E-15,1.78E-17,7.04E-13,8.70E-13,2.05E-15,-2.17E-12,0,11.11
2692,100,7.57E-05,-3.34E-06,5.51E+15,1.71E+21,1.38E+13,12.02,238.28,1.19E-15,2.38E-16,1.72E-12,-6.30E-19,1.82E-13,1.54E-12,4.95E-13,2.91E-15,5.13E-17,5.89E-13,1.12E-12,5.90E-15,-2.04E-12,0,10.95
2737,99,6.31E-05,-3.08E-06,4.60E+15,1.48E+21,1.15E+13,11.62,245.95,8.31E-16,1.66E-16,1.87E-12,-4.40E-19,1.51E-13,1.72E-12,1.89E-13,3.53E-15,1.24E-16,4.92E-13,1.36E-12,1.43E-14,-1.91E-12,0,10.78
2784,99,5.26E-05,-2.96E-06,3.84E+15,1.28E+21,9.60E+12,11.23,253.99,5.80E-16,1.16E-16,2.01E-12,-3.07E-19,1.26E-13,1.89E-12,-9.99E-14,4.06E-15,2.59E-16,4.12E-13,1.57E-12,2.98E-14,-1.78E-12,0,10.61
2833,99,4.39E-05,-2.98E-06,3.21E+15,1.11E+21,8.01E+12,10.85,262.42,4.05E-16,8.09E-17,2.13E-12,-2.15E-19,1.04E-13,2.03E-12,-3.57E-13,4.48E-15,4.76E-16,3.45E-13,1.73E-12,5.48E-14,-1.66E-12,0,10.45
2883,99,3.66E-05,-3.13E-06,2.68E+15,9.66E+20,6.70E+12,10.48,271.24,2.83E-16,5.66E-17,2.21E-12,-1.51E-19,8.69E-14,2.13E-12,-5.74E-13,4.75E-15,7.85E-16,2.88E-13,1.83E-12,9.02E-14,-1.54E-12,0,10.28
2934,99,3.06E-05,-3.38E-06,2.24E+15,8.40E+20,5.61E+12,10.12,280.44,1.98E-16,3.96E-17,2.26E-12,-1.06E-19,7.24E-14,2.19E-12,-7.47E-13,4.88E-15,1.18E-15,2.42E-13,1.88E-12,1.35E-13,-1.43E-12,0,10.12
2987,99,2.56E-05,-3.71E-06,1.88E+15,7.31E+20,4.69E+12,9.76,290.04,1.39E-16,2.78E-17,2.28E-12,-7.48E-20,6.02E-14,2.22E-12,-8.78E-13,4.87E-15,1.63E-15,2.03E-13,1.88E-12,1.88E-13,-1.33E-12,0,9.96
3041,98,2.14E-05,-4.10E-06,1.57E+15,6.37E+20,3.93E+12,9.41,300.03,9.76E-17,1.95E-17,2.25E-12,-5.29E-20,5.01E-14,2.20E-12,-9.68E-13,4.76E-15,2.11E-15,1.70E-13,1.84E-12,2.43E-13,-1.23E-12,0,9.80
3098,98,1.79E-05,-4.55E-06,1.32E+15,5.55E+20,3.30E+12,9.08,310.41,6.87E-17,1.38E-17,2.20E-12,-3.76E-20,4.17E-14,2.16E-12,-1.02E-12,4.56E-15,2.58E-15,1.43E-13,1.76E-12,2.97E-13,-1.13E-12,0,9.65
3155,98,1.50E-05,-5.01E-06,1.11E+15,4.85E+20,2.77E+12,8.75,321.18,4.85E-17,9.72E-18,2.13E-12,-2.68E-20,3.47E-14,2.09E-12,-1.04E-12,4.29E-15,3.00E-15,1.20E-13,1.65E-12,3.45E-13,-1.04E-12,0,9.50
3215,98,1.26E-05,-5.49E-06,9.34E+14,4.24E+20,2.33E+12,8.42,332.35,3.43E-17,6.88E-18,2.03E-12,-1.91E-20,2.88E-14,2.00E-12,-1.03E-12,3.98E-15,3.34E-15,1.01E-13,1.54E-12,3.85E-13,-9.60E-13,0,9.35
3276,97,1.06E-05,-5.96E-06,7.86E+14,3.71E+20,1.97E+12,8.11,343.91,2.43E-17,4.88E-18,1.92E-12,-1.37E-20,2.40E-14,1.89E-12,-1.00E-12,3.65E-15,3.59E-15,8.51E-14,1.41E-12,4.13E-13,-8.82E-13,0,9.21
3340,97,8.87E-06,-6.40E-06,6.63E+14,3.26E+20,1.66E+12,7.81,355.88,1.73E-17,3.47E-18,1.79E-12,-9.87E-21,1.99E-14,1.77E-12,-9.57E-13,3.32E-15,3.74E-15,7.18E-14,1.28E-12,4.31E-13,-8.09E-13,0,9.07
3405,96,7.45E-06,-6.83E-06,5.60E+14,2.86E+20,1.40E+12,7.51,368.25,1.23E-17,2.47E-18,1.66E-12,-7.11E-21,1.65E-14,1.64E-12,-8.97E-13,2.99E-15,3.80E-15,6.07E-14,1.15E-12,4.37E-13,-7.42E-13,0,8.94
3472,96,6.27E-06,-7.21E-06,4.73E+14,2.51E+20,1.18E+12,7.22,381.04,8.82E-18,1.77E-18,1.52E-12,-5.14E-21,1.37E-14,1.51E-12,-8.29E-13,2.67E-15,3.77E-15,5.13E-14,1.03E-12,4.34E-13,-6.79E-13,0,8.81
3541,95,5.28E-06,-7.55E-06,4.01E+14,2.21E+20,1.00E+12,6.95,394.26,6.32E-18,1.27E-18,1.39E-12,-3.72E-21,1.14E-14,1.38E-12,-7.55E-13,2.38E-15,3.67E-15,4.34E-14,9.17E-13,4.22E-13,-6.21E-13,0,8.68
3612,95,4.45E-06,-7.85E-06,3.40E+14,1.95E+20,8.49E+11,6.68,407.92,4.53E-18,9.10E-19,1.26E-12,-2.70E-21,9.42E-15,1.25E-12,-6.80E-13,2.10E-15,3.51E-15,3.68E-14,8.11E-13,4.04E-13,-5.68E-13,0,8.56
3685,94,3.75E-06,-8.09E-06,2.88E+14,1.72E+20,7.20E+11,6.41,422.03,3.26E-18,6.55E-19,1.13E-12,-1.96E-21,7.80E-15,1.12E-12,-6.05E-13,1.85E-15,3.31E-15,3.12E-14,7.14E-13,3.81E-13,-5.18E-13,0,8.44
3761,94,3.16E-06,-8.29E-06,2.45E+14,1.52E+20,6.12E+11,6.16,436.61,2.35E-18,4.73E-19,1.01E-12,-1.43E-21,6.45E-15,1.01E-12,-5.34E-13,1.62E-15,3.09E-15,2.65E-14,6.27E-13,3.55E-13,-4.73E-13,0,8.33
3838,93,2.67E-06,-8.44E-06,2.08E+14,1.34E+20,5.20E+11,5.91,451.69,1.70E-18,3.42E-19,9.02E-13,-1.04E-21,5.33E-15,8.97E-13,-4.66E-13,1.42E-15,2.85E-15,2.26E-14,5.48E-13,3.27E-13,-4.32E-13,0,8.22
3918,92,2.26E-06,-8.55E-06,1.77E+14,1.19E+20,4.43E+11,5.67,467.28,1.23E-18,2.48E-19,8.00E-13,-7.59E-22,4.40E-15,7.96E-13,-4.03E-13,1.24E-15,2.60E-15,1.92E-14,4.78E-13,2.99E-13,-3.94E-13,0,8.11
4001,92,1.91E-06,-8.61E-06,1.51E+14,1.05E+20,3.77E+11,5.44,483.41,8.95E-19,1.80E-19,7.07E-13,-5.55E-22,3.63E-15,7.03E-13,-3.46E-13,1.08E-15,2.36E-15,1.64E-14,4.17E-13,2.72E-13,-3.59E-13,0,8.00
4086,91,1.62E-06,-8.63E-06,1.29E+14,9.31E+19,3.22E+11,5.22,500.10,6.52E-19,1.31E-19,6.22E-13,-4.05E-22,3.00E-15,6.19E-13,-2.93E-13,9.40E-16,2.13E-15,1.40E-14,3.63E-13,2.45E-13,-3.27E-13,0,7.90
4173,90,1.37E-06,-8.62E-06,1.10E+14,8.27E+19,2.75E+11,5.00,517.38,4.75E-19,9.55E-20,5.45E-13,-2.97E-22,2.47E-15,5.43E-13,-2.46E-13,8.16E-16,1.91E-15,1.19E-14,3.15E-13,2.19E-13,-2.98E-13,0,7.80
4263,89,1.16E-06,-8.56E-06,9.40E+13,7.35E+19,2.35E+11,4.79,535.29,3.47E-19,6.98E-20,4.76E-13,-2.17E-22,2.03E-15,4.74E-13,-2.04E-13,7.08E-16,1.70E-15,1.02E-14,2.73E-13,1.96E-13,-2.71E-13,0,7.70
4356,89,9.84E-07,-8.48E-06,8.05E+13,6.54E+19,2.01E+11,4.59,553.85,2.54E-19,5.11E-20,4.13E-13,-1.59E-22,1.67E-15,4.12E-13,-1.66E-13,6.14E-16,1.51E-15,8.73E-15,2.37E-13,1.74E-13,-2.47E-13,0,7.60
4452,88,8.35E-07,-8.37E-06,6.89E+13,5.82E+19,1.72E+11,4.39,573.10,1.87E-19,3.75E-20,3.57E-13,-1.17E-22,1.37E-15,3.56E-13,-1.32E-13,5.32E-16,1.34E-15,7.48E-15,2.05E-13,1.54E-13,-2.25E-13,0,7.51
4550,87,7.10E-07,-8.23E-06,5.91E+13,5.19E+19,1.48E+11,4.21,593.08,1.37E-19,2.76E-20,3.07E-13,-8.61E-23,1.13E-15,3.06E-13,-1.03E-13,4.61E-16,1.18E-15,6.42E-15,1.78E-13,1.36E-13,-2.04E-13,0,7.42
4652,86,6.03E-07,-8.07E-06,5.07E+13,4.64E+19,1.27E+11,4.02,613.83,1.01E-19,2.03E-20,2.63E-13,-6.34E-23,9.26E-16,2.62E-13,-7.67E-14,3.99E-16,1.04E-15,5.51E-15,1.54E-13,1.20E-13,-1.86E-13,0,7.32
4756,85,5.13E-07,-7.88E-06,4.36E+13,4.14E+19,1.09E+11,3.85,635.40,7.46E-20,1.50E-20,2.24E-13,-4.68E-23,7.60E-16,2.23E-13,-5.43E-14,3.46E-16,9.15E-16,4.73E-15,1.33E-13,1.05E-13,-1.69E-13,0,7.23
4864,84,4.37E-07,-7.68E-06,3.75E+13,3.71E+19,9.37E+10,3.68,657.83,5.52E-20,1.11E-20,1.89E-13,-3.45E-23,6.22E-16,1.88E-13,-3.52E-14,3.00E-16,8.03E-16,4.07E-15,1.16E-13,9.23E-14,-1.54E-13,0,7.14
4974,84,3.73E-07,-7.46E-06,3.23E+13,3.32E+19,8.07E+10,3.52,681.17,4.09E-20,8.23E-21,1.59E-13,-2.55E-23,5.09E-16,1.59E-13,-1.91E-14,2.60E-16,7.03E-16,3.50E-15,1.00E-13,8.09E-14,-1.40E-13,0,7.05
5088,83,3.18E-07,-7.22E-06,2.78E+13,2.98E+19,6.95E+10,3.36,705.49,3.04E-20,6.11E-21,1.33E-13,-1.89E-23,4.17E-16,1.33E-13,-5.83E-15,2.25E-16,6.16E-16,3.02E-15,8.68E-14,7.08E-14,-1.27E-13,0,6.96
5206,82,2.71E-07,-6.98E-06,2.40E+13,2.67E+19,6.00E+10,3.21,730.83,2.26E-20,4.55E-21,1.11E-13,-1.40E-23,3.41E-16,1.11E-13,4.90E-15,1.95E-16,5.39E-16,2.61E-15,7.52E-14,6.20E-14,-1.16E-13,0,6.88
5327,81,2.32E-07,-6.73E-06,2.07E+13,2.40E+19,5.18E+10,3.07,757.28,1.68E-20,3.39E-21,9.19E-14,-1.04E-23,2.78E-16,9.16E-14,1.34E-14,1.69E-16,4.71E-16,2.25E-15,6.52E-14,5.42E-14,-1.05E-13,0,6.79
5452,80,1.98E-07,-6.47E-06,1.79E+13,2.16E+19,4.48E+10,2.93,784.88,1.26E-20,2.53E-21,7.59E-14,-7.77E-24,2.27E-16,7.56E-14,1.99E-14,1.47E-16,4.12E-16,1.94E-15,5.66E-14,4.73E-14,-9.59E-14,0,6.70
5580,79,1.70E-07,-6.21E-06,1.55E+13,1.95E+19,3.87E+10,2.80,813.72,9.42E-21,1.90E-21,6.24E-14,-5.80E-24,1.85E-16,6.22E-14,2.46E-14,1.27E-16,3.60E-16,1.68E-15,4.91E-14,4.14E-14,-8.72E-14,0,6.61
5713,79,1.46E-07,-5.95E-06,1.34E+13,1.76E+19,3.35E+10,2.67,843.88,7.07E-21,1.42E-21,5.12E-14,-4.34E-24,1.51E-16,5.10E-14,2.80E-14,1.11E-16,3.14E-16,1.46E-15,4.27E-14,3.62E-14,-7.93E-14,0,6.53
5849,78,1.25E-07,-5.68E-06,1.16E+13,1.58E+19,2.91E+10,2.55,875.42,5.31E-21,1.07E-21,4.19E-14,-3.25E-24,1.23E-16,4.18E-14,3.01E-14,9.63E-17,2.75E-16,1.26E-15,3.71E-14,3.16E-14,-7.21E-14,0,6.44
5989,77,1.08E-07,-5.42E-06,1.01E+13,1.43E+19,2.53E+10,2.43,908.45,4.00E-21,8.06E-22,3.42E-14,-2.44E-24,9.99E-17,3.41E-14,3.13E-14,8.38E-17,2.40E-16,1.10E-15,3.23E-14,2.76E-14,-6.56E-14,0,6.35
6134,76,9.25E-08,-5.17E-06,8.78E+12,1.30E+19,2.19E+10,2.31,943.04,3.02E-21,6.08E-22,2.79E-14,-1.84E-24,8.12E-17,2.78E-14,3.17E-14,7.30E-17,2.10E-16,9.53E-16,2.81E-14,2.42E-14,-5.96E-14,0,6.27
6283,76,7.97E-08,-4.92E-06,7.64E+12,1.17E+19,1.91E+10,2.21,979.29,2.29E-21,4.60E-22,2.27E-14,-1.39E-24,6.59E-17,2.26E-14,3.14E-14,6.36E-17,1.84E-16,8.29E-16,2.45E-14,2.11E-14,-5.42E-14,0,6.18
6436,75,6.87E-08,-4.67E-06,6.65E+12,1.06E+19,1.66E+10,2.10,1017.33,1.74E-21,3.49E-22,1.85E-14,-1.05E-24,5.35E-17,1.84E-14,3.07E-14,5.55E-17,1.61E-16,7.22E-16,2.14E-14,1.85E-14,-4.93E-14,0,6.09
6594,74,5.94E-08,-4.43E-06,5.80E+12,9.66E+18,1.45E+10,2.00,1057.22,1.32E-21,2.66E-22,1.50E-14,-7.94E-25,4.33E-17,1.50E-14,2.97E-14,4.85E-17,1.41E-16,6.30E-16,1.87E-14,1.62E-14,-4.48E-14,0,6.00
6757,73,5.13E-08,-4.20E-06,5.07E+12,8.77E+18,1.27E+10,1.91,1099.12,1.01E-21,2.03E-22,1.22E-14,-6.03E-25,3.50E-17,1.22E-14,2.84E-14,4.24E-17,1.24E-16,5.50E-16,1.63E-14,1.42E-14,-4.07E-14,0,5.91
6924,73,4.45E-08,-3.97E-06,4.43E+12,7.98E+18,1.11E+10,1.82,1143.12,7.69E-22,1.55E-22,9.95E-15,-4.60E-25,2.83E-17,9.92E-15,2.70E-14,3.71E-17,1.08E-16,4.81E-16,1.43E-14,1.25E-14,-3.69E-14,0,5.82
7097,72,3.86E-08,-3.76E-06,3.88E+12,7.26E+18,9.69E+09,1.73,1189.33,5.90E-22,1.19E-22,8.10E-15,-3.51E-25,2.28E-17,8.08E-15,2.54E-14,3.25E-17,9.53E-17,4.21E-16,1.25E-14,1.10E-14,-3.35E-14,0,5.73
7275,71,3.35E-08,-3.55E-06,3.40E+12,6.61E+18,8.50E+09,1.65,1237.94,4.53E-22,9.12E-23,6.60E-15,-2.69E-25,1.83E-17,6.59E-15,2.38E-14,2.85E-17,8.38E-17,3.69E-16,1.10E-14,9.63E-15,-3.04E-14,0,5.65
7458,71,2.92E-08,-3.35E-06,2.98E+12,6.03E+18,7.46E+09,1.57,1289.03,3.49E-22,7.03E-23,5.39E-15,-2.07E-25,1.47E-17,5.38E-15,2.22E-14,2.51E-17,7.37E-17,3.24E-16,9.67E-15,8.48E-15,-2.76E-14,0,5.56
7647,70,2.54E-08,-3.16E-06,2.62E+12,5.50E+18,6.56E+09,1.49,1342.78,2.70E-22,5.43E-23,4.41E-15,-1.59E-25,1.18E-17,4.40E-15,2.06E-14,2.21E-17,6.50E-17,2.85E-16,8.51E-15,7.47E-15,-2.51E-14,0,5.47
7841,70,2.22E-08,-2.97E-06,2.31E+12,5.02E+18,5.77E+09,1.42,1399.37,2.09E-22,4.21E-23,3.61E-15,-1.23E-25,9.37E-18,3.60E-15,1.91E-14,1.94E-17,5.73E-17,2.51E-16,7.50E-15,6.59E-15,-2.27E-14,0,5.38
8041,69,1.94E-08,-2.80E-06,2.04E+12,4.59E+18,5.09E+09,1.35,1458.91,1.63E-22,3.27E-23,2.96E-15,-9.54E-26,7.44E-18,2.96E-15,1.76E-14,1.72E-17,5.06E-17,2.21E-16,6.62E-15,5.82E-15,-2.06E-14,0,5.29
8247,68,1.70E-08,-2.63E-06,1.80E+12,4.19E+18,4.49E+09,1.28,1521.61,1.27E-22,2.55E-23,2.44E-15,-7.42E-26,5.87E-18,2.43E-15,1.62E-14,1.52E-17,4.48E-17,1.95E-16,5.85E-15,5.15E-15,-1.87E-14,0,5.20
8460,68,1.49E-08,-2.47E-06,1.59E+12,3.83E+18,3.97E+09,1.22,1587.68,9.91E-23,2.00E-23,2.01E-15,-5.79E-26,4.61E-18,2.01E-15,1.49E-14,1.34E-17,3.97E-17,1.73E-16,5.17E-15,4.56E-15,-1.69E-14,0,5.11
8678,67,1.31E-08,-2.32E-06,1.41E+12,3.50E+18,3.52E+09,1.16,1657.28,7.78E-23,1.57E-23,1.66E-15,-4.53E-26,3.58E-18,1.66E-15,1.37E-14,1.19E-17,3.52E-17,1.53E-16,4.58E-15,4.05E-15,-1.53E-14,0,5.02
8903,67,1.15E-08,-2.18E-06,1.25E+12,3.20E+18,3.12E+09,1.10,1730.64,6.12E-23,1.23E-23,1.38E-15,-3.56E-26,2.76E-18,1.38E-15,1.25E-14,1.05E-17,3.13E-17,1.36E-16,4.07E-15,3.60E-15,-1.39E-14,0,4.93
9135,66,1.02E-08,-2.04E-06,1.11E+12,2.93E+18,2.77E+09,1.04,1807.97,4.83E-23,9.73E-24,1.15E-15,-2.80E-26,2.10E-18,1.14E-15,1.14E-14,9.38E-18,2.78E-17,1.21E-16,3.62E-15,3.20E-15,-1.26E-14,0,4.84
9374,66,8.99E-09,-1.91E-06,9.88E+11,2.68E+18,2.47E+09,0.99,1889.50,3.83E-23,7.71E-24,9.56E-16,-2.21E-26,1.57E-18,9.54E-16,1.04E-14,8.35E-18,2.48E-17,1.07E-16,3.22E-15,2.85E-15,-1.14E-14,0,4.75
9621,65,7.96E-09,-1.79E-06,8.81E+11,2.45E+18,2.20E+09,0.94,1975.50,3.04E-23,6.12E-24,7.99E-16,-1.76E-26,1.14E-18,7.98E-16,9.48E-15,7.45E-18,2.21E-17,9.57E-17,2.87E-15,2.54E-15,-1.03E-14,0,4.66
9874,65,7.06E-09,-1.68E-06,7.86E+11,2.24E+18,1.97E+09,0.89,2066.24,2.43E-23,4.88E-24,6.71E-16,-1.40E-26,8.01E-19,6.70E-16,8.63E-15,6.65E-18,1.98E-17,8.54E-17,2.57E-15,2.27E-15,-9.29E-15,0,4.57
10135,65,6.28E-09,-1.57E-06,7.03E+11,2.04E+18,1.76E+09,0.85,2161.98,1.94E-23,3.91E-24,5.65E-16,-1.12E-26,5.32E-19,5.64E-16,7.84E-15,5.95E-18,1.77E-17,7.64E-17,2.30E-15,2.04E-15,-8.40E-15,0,4.48
10404,64,5.59E-09,-1.47E-06,6.30E+11,1.86E+18,1.58E+09,0.80,2263.02,1.56E-23,3.14E-24,4.77E-16,-8.93E-27,3.19E-19,4.77E-16,7.12E-15,5.33E-18,1.59E-17,6.85E-17,2.06E-15,1.83E-15,-7.59E-15,0,4.39
10681,64,4.98E-09,-1.37E-06,5.66E+11,1.70E+18,1.41E+09,0.76,2369.70,1.26E-23,2.53E-24,4.04E-16,-7.18E-27,1.52E-19,4.04E-16,6.46E-15,4.79E-18,1.43E-17,6.15E-17,1.85E-15,1.64E-15,-6.86E-15,0,4.30
10967,63,4.46E-09,-1.28E-06,5.09E+11,1.55E+18,1.27E+09,0.72,2482.32,1.01E-23,2.04E-24,3.44E-16,-5.80E-27,2.14E-20,3.44E-16,5.85E-15,4.31E-18,1.28E-17,5.53E-17,1.66E-15,1.48E-15,-6.19E-15,0,4.22
11260,63,3.99E-09,-1.19E-06,4.58E+11,1.40E+18,1.15E+09,0.69,2601.25,8.23E-24,1.66E-24,2.93E-16,-4.69E-27,-7.91E-20,2.93E-16,5.30E-15,3.88E-18,1.16E-17,4.98E-17,1.50E-15,1.33E-15,-5.59E-15,0,4.13
11563,63,3.58E-09,-1.11E-06,4.13E+11,1.27E+18,1.03E+09,0.65,2726.85,6.70E-24,1.35E-24,2.51E-16,-3.82E-27,-1.56E-19,2.51E-16,4.83E-15,3.50E-18,1.04E-17,4.49E-17,1.35E-15,1.20E-15,-5.05E-15,0,4.05
11875,62,3.22E-09,-1.04E-06,3.74E+11,1.15E+18,9.34E+08,0.62,2859.57,5.48E-24,1.10E-24,2.16E-16,-3.11E-27,-2.13E-19,2.16E-16,1.27E-15,3.17E-18,9.44E-18,4.06E-17,1.22E-15,1.09E-15,-4.67E-15,0,3.96
12196,62,2.88E-09,-1.00E-06,3.37E+11,1.03E+18,8.42E+08,0.59,2999.75,4.44E-24,8.95E-25,1.84E-16,-2.52E-27,-2.54E-19,1.85E-16,-1.94E-15,2.85E-18,8.51E-18,3.66E-17,1.10E-15,9.79E-16,-4.70E-15,0,3.88